Station,pa11_b,pa24,pa24c,pa8,pas10,pas3b,pas3c,pas5,pas8,gc2_3a,gc2_4a,gc2_4b,gc2_4c,gc2_7a,gc2_7b,gc2_7c,gc2_18a,gc2_18b,gc2_18c,gc2_18d,gc2_18e,gc2_18f,gc2_27a,gc2_27b,gc_28aA,gc_28aB,gc2_29,gc2_29A,prob27_28,prob28,prob28_29,prob29,prob30,prob31,prob31_32,prob32
400,0.002991565,0.008970086,0.004180113,0.007441397,0.005501232,0.001627874,0.002014055,0.00425602,0.001881421,0.002453385,0.00261015,0.002905765,0.001956095,0.001972095,0.001342245,0.00170468,0.001337395,0.00124897,0.00157232,0.00155808,0.001498965,0.001541545,0.0014145,0.00134507,0.00119064,0.00117458,0.000685645,0.000975955,0.001263734,0.001324347,0.001262736,0.001338989,0.001295975,0.001167443,0.001281576,0.001434162
405,0.002973631,0.008624134,0.004089086,0.007208918,0.005374123,0.001584688,0.001956382,0.004177269,0.001877156,0.002470285,0.00278955,0.002968365,0.002306395,0.001963195,0.001387545,0.00171078,0.001368695,0.00129487,0.00157112,0.00155148,0.001529865,0.001528445,0.0014421,0.00139177,0.00122294,0.00121378,0.000712545,0.001015955,0.001320041,0.00135163,0.001305677,0.001366999,0.001308803,0.001158579,0.001274742,0.001450493
410,0.002913374,0.008275386,0.003950675,0.006916772,0.005167461,0.001521856,0.001887976,0.004154776,0.001828067,0.002530085,0.00285785,0.003019865,0.002344395,0.001995295,0.001446645,0.00174408,0.001418895,0.00134477,0.00160732,0.00157808,0.001569865,0.001552445,0.0014869,0.00143847,0.00126414,0.00125828,0.000743245,0.001064755,0.001369281,0.001396909,0.001326185,0.001385147,0.001320674,0.001147342,0.001265928,0.001461537
415,0.002990204,0.008041001,0.003931309,0.006865588,0.005168891,0.001587725,0.001913401,0.00428876,0.001897205,0.002588785,0.00281105,0.003028765,0.002202095,0.002012995,0.001463545,0.00178308,0.001444895,0.00137377,0.00162852,0.00158248,0.001591865,0.001564345,0.0015292,0.00148237,0.00130464,0.00129728,0.000768745,0.001102455,0.00144943,0.001448432,0.001380423,0.001424603,0.001345859,0.001153164,0.001281263,0.001491514
420,0.002958504,0.007761808,0.003838721,0.006682547,0.005060843,0.001556058,0.001903943,0.004256909,0.001919369,0.002683085,0.00291225,0.003106565,0.002258395,0.002081495,0.001543745,0.00184988,0.001499395,0.00143117,0.00167942,0.00162978,0.001649865,0.001611945,0.0015889,0.00154377,0.00136534,0.00135548,0.000811845,0.001167055,0.001505184,0.001516857,0.001450895,0.001477193,0.001390113,0.001168373,0.001316653,0.001542807
425,0.003049348,0.007516052,0.003813945,0.006635484,0.005050271,0.001620085,0.001941336,0.004372888,0.00200546,0.002798285,0.00301815,0.003250865,0.002569595,0.002145295,0.001637545,0.00191878,0.001545895,0.00148107,0.00171122,0.00168208,0.001699065,0.001650545,0.001653,0.00160227,0.00142764,0.00141408,0.000851245,0.001218055,0.001588158,0.001581823,0.001502947,0.001517148,0.00142,0.001175831,0.001335406,0.001582637
430,0.003152509,0.007300017,0.003817164,0.006613994,0.005047584,0.001725637,0.002014377,0.004542172,0.002184249,0.002950385,0.00314635,0.003396665,0.002683195,0.002224095,0.001690945,0.00199378,0.001599995,0.00153977,0.00176072,0.00174008,0.001752665,0.001698445,0.0017249,0.00167177,0.00149204,0.00148038,0.000889745,0.001276955,0.001639754,0.001628605,0.001538704,0.001550749,0.001431375,0.001167198,0.001335805,0.001597382
435,0.003156329,0.006966961,0.00373376,0.00642277,0.004932904,0.001716082,0.00199218,0.004613187,0.00217202,0.003105085,0.00330085,0.003520565,0.002689395,0.002303495,0.001762845,0.00206898,0.001664395,0.00160697,0.00182262,0.00179528,0.001829765,0.001750645,0.0017984,0.00175177,0.00156004,0.00155228,0.000938445,0.001351955,0.001735128,0.001691514,0.001604396,0.001595593,0.001466108,0.001183205,0.001357515,0.001631921
440,0.003222689,0.006667048,0.003709668,0.006345358,0.004919032,0.001750201,0.002025895,0.004736956,0.002270637,0.003287085,0.00342305,0.003557765,0.002883795,0.002360695,0.001821745,0.00214288,0.001718695,0.00166597,0.00187552,0.00185308,0.001904165,0.001798845,0.0018815,0.00183737,0.00163484,0.00162588,0.000985945,0.001419455,0.001828769,0.001770176,0.001667719,0.001653793,0.001506088,0.001226218,0.001392905,0.00169164
445,0.003383827,0.006427223,0.003777485,0.00636768,0.00503632,0.001840654,0.002105301,0.004971844,0.002455794,0.003522885,0.00361385,0.003717365,0.003156795,0.002446095,0.001934145,0.00223668,0.001803995,0.00176317,0.00195752,0.00194778,0.002012165,0.001888545,0.0019956,0.00194967,0.00173804,0.00172788,0.001052245,0.001519255,0.001922965,0.001858119,0.001745915,0.001725707,0.001572956,0.001286741,0.001461258,0.001794506
450,0.003492421,0.006149206,0.003811212,0.006309659,0.00506603,0.001890114,0.002161379,0.00512097,0.002566067,0.003782085,0.00381605,0.003973965,0.003300095,0.002557295,0.002057045,0.00232888,0.001894395,0.00185797,0.00204532,0.00205708,0.002134165,0.001985945,0.0021183,0.00206837,0.00184964,0.00184018,0.001123245,0.001621655,0.002044154,0.00197138,0.001848495,0.001830139,0.001657129,0.001374114,0.00154466,0.001912672
455,0.003635785,0.006087018,0.003889466,0.006381083,0.005130084,0.001975441,0.002228693,0.00531201,0.002751713,0.004059885,0.00395035,0.004164665,0.003450495,0.002674995,0.002161545,0.00243398,0.001990495,0.00195567,0.00214342,0.00218638,0.002270065,0.002087445,0.0022523,0.00219877,0.00197044,0.00196418,0.001200145,0.001736655,0.002129538,0.002041466,0.001906979,0.001889475,0.001699067,0.001413706,0.001580064,0.001984325
460,0.003746793,0.006075226,0.003944015,0.006448121,0.005154621,0.002037946,0.002293598,0.005476025,0.002921577,0.004330985,0.00411955,0.004288465,0.003687195,0.002782995,0.002272845,0.00254088,0.002080195,0.00205117,0.00223832,0.00230868,0.002407065,0.002187345,0.0023902,0.00233177,0.00209324,0.00208268,0.001276045,0.001846655,0.002219463,0.002108411,0.001971886,0.001937219,0.001727714,0.001432912,0.001600253,0.002032318
465,0.003907205,0.00608507,0.004028037,0.006527879,0.005243354,0.002137116,0.00237249,0.005702024,0.003116898,0.004593785,0.00428445,0.004423865,0.003794495,0.002872395,0.002360045,0.00263698,0.002157695,0.00214047,0.00232182,0.00241648,0.002533665,0.002285345,0.0025286,0.00246347,0.00221674,0.00219998,0.001350345,0.001953055,0.002297423,0.002170266,0.002021631,0.001982832,0.001760253,0.001467984,0.001620553,0.002091462
470,0.004084573,0.006014518,0.004099785,0.006563288,0.005380213,0.002229523,0.002479899,0.005955813,0.003332258,0.004885185,0.00441475,0.004555465,0.003910095,0.002986595,0.002460945,0.00273278,0.002264095,0.00226137,0.00243522,0.00256238,0.002689465,0.002409045,0.002683,0.00261817,0.00235974,0.00234208,0.001438845,0.002087855,0.002380753,0.002243787,0.002088579,0.00204942,0.001812327,0.001526896,0.001670418,0.002179867
475,0.004229812,0.005840978,0.004123598,0.006508989,0.005501176,0.002305949,0.002552273,0.006176136,0.003499904,0.005184085,0.00453495,0.004665565,0.004226295,0.003095295,0.002561845,0.00282568,0.002371495,0.00238717,0.00254812,0.00272918,0.002863665,0.002535745,0.0028452,0.00277777,0.00251164,0.00249178,0.001530945,0.002227955,0.002509488,0.002353233,0.002177956,0.002147748,0.001897737,0.001618085,0.0017542,0.002317454
480,0.004414647,0.005712266,0.004184255,0.006516067,0.005671247,0.002428586,0.00267089,0.006445326,0.00371898,0.005494685,0.00473155,0.004852865,0.004450495,0.003198395,0.002663045,0.00292388,0.002473195,0.00251077,0.00266442,0.00290118,0.003045165,0.002667745,0.0030163,0.00294137,0.00267164,0.00264908,0.001627345,0.002370655,0.002635686,0.002470953,0.002291912,0.002264647,0.002002147,0.001728041,0.001851929,0.002477195
485,0.00455627,0.005573861,0.004198855,0.006476993,0.005793358,0.002518362,0.002768845,0.00664158,0.003909915,0.005822285,0.00497095,0.005127165,0.004546795,0.003316495,0.002784045,0.00303138,0.002592595,0.00265247,0.00279972,0.00309178,0.003251565,0.002820945,0.0032023,0.00311887,0.00284824,0.00282838,0.001739245,0.002536755,0.00273975,0.002562081,0.002374462,0.002355443,0.00207909,0.001814522,0.001926121,0.00260702
490,0.004662771,0.00528104,0.004171223,0.006290289,0.005888674,0.002600317,0.002862103,0.006785887,0.004066601,0.006131085,0.00510105,0.005274065,0.004672495,0.003386095,0.002844445,0.00310158,0.002693695,0.00277707,0.00291662,0.00327438,0.003444865,0.002962445,0.003375,0.00328387,0.00302184,0.00300418,0.001848245,0.002700155,0.002848198,0.002656445,0.002457856,0.002444892,0.002158202,0.001890134,0.001999773,0.002742021
495,0.004749168,0.004863209,0.004106788,0.005969351,0.005937567,0.002654959,0.002931459,0.006877057,0.004168397,0.006396485,0.00518745,0.005309465,0.004777595,0.003411895,0.002878045,0.00312728,0.002775295,0.00288407,0.00301512,0.00343308,0.003622965,0.003090645,0.0035238,0.00343097,0.00318774,0.00316868,0.001951945,0.002857855,0.002956462,0.002764118,0.002552379,0.002552529,0.00225081,0.002003796,0.002088227,0.002886035
500,0.00488507,0.00442272,0.00407604,0.005620149,0.006029491,0.002748379,0.003014572,0.006922717,0.004246988,0.006579585,0.00515275,0.005261365,0.004778495,0.003408195,0.002884845,0.00311608,0.002846795,0.00297877,0.00310312,0.00357758,0.003790365,0.003206645,0.0036486,0.00355267,0.00333884,0.00332118,0.002052545,0.003008155,0.003061729,0.002857567,0.002654185,0.002658516,0.002351235,0.002126792,0.002195734,0.003035448
505,0.004987879,0.003856007,0.003974793,0.005104533,0.00604872,0.002806617,0.00302549,0.006787587,0.004246555,0.006603385,0.00484425,0.005020965,0.004598695,0.003304995,0.002804245,0.00302768,0.002870595,0.00301587,0.00313212,0.00365778,0.003883865,0.003262345,0.0036934,0.00359797,0.00342624,0.00340378,0.002113045,0.003098855,0.003147627,0.002957997,0.002751624,0.002775815,0.002474374,0.002273402,0.002323674,0.003201968
510,0.004991979,0.003167708,0.003741843,0.004396267,0.005894619,0.002822336,0.003043594,0.006570848,0.004063889,0.006335285,0.00449785,0.004692765,0.004235995,0.003070395,0.002589645,0.00280888,0.002784595,0.00292747,0.00303902,0.00356948,0.003806465,0.003193145,0.0035695,0.00348117,0.00335444,0.00332888,0.002075445,0.003042055,0.003200806,0.003043271,0.00283185,0.002885805,0.002595012,0.002425026,0.002456471,0.003355137
515,0.005041208,0.002721547,0.003575981,0.003937871,0.005816683,0.002855487,0.003180562,0.006656484,0.003952645,0.006064185,0.00433925,0.004460965,0.003947295,0.002887195,0.002425145,0.00262168,0.002715795,0.00285197,0.00295632,0.00349168,0.003723565,0.003121145,0.0034423,0.00335937,0.00327204,0.00325068,0.002034145,0.002980355,0.003247227,0.00311821,0.002909271,0.002989196,0.002718773,0.002561372,0.002586099,0.003506931
520,0.005234214,0.002623811,0.003606553,0.003846488,0.006020256,0.002991141,0.003349464,0.006779463,0.004141095,0.006142985,0.00422735,0.004386265,0.003849695,0.002847495,0.002384945,0.00257978,0.002751995,0.00290137,0.00300042,0.00357978,0.003823565,0.003186745,0.0035066,0.00342007,0.00336054,0.00333598,0.002090845,0.003069655,0.003361011,0.003246314,0.003030112,0.003153723,0.002898321,0.002754845,0.002762621,0.00373916
525,0.005392379,0.002523473,0.003611249,0.003749823,0.006209439,0.003097499,0.003410416,0.006821804,0.004285595,0.006296285,0.00411635,0.004330065,0.003865695,0.002805195,0.002372145,0.00255728,0.002798395,0.00297107,0.00306332,0.00369698,0.003958465,0.003274745,0.0036123,0.00352337,0.00348444,0.00345708,0.002169045,0.003186955,0.003509781,0.003415951,0.003202333,0.003354049,0.003112742,0.002980201,0.00297489,0.004015376
530,0.005473828,0.00237367,0.003536063,0.003574117,0.006315475,0.003168714,0.003391683,0.006702695,0.004370612,0.006381285,0.00413845,0.004292565,0.003888795,0.002761895,0.002346745,0.00252518,0.002829095,0.00301877,0.00310592,0.00378478,0.004053365,0.003334345,0.0036827,0.00359237,0.00357204,0.00354628,0.002229245,0.003273455,0.003654827,0.00357759,0.003367414,0.003563593,0.003334947,0.003220965,0.003195085,0.004298353
535,0.005532585,0.00223408,0.003446231,0.003403481,0.006411031,0.00323858,0.003313754,0.006620905,0.004420277,0.006361785,0.00408985,0.004207765,0.003831195,0.002699795,0.002285745,0.00246278,0.002826195,0.00303117,0.00311792,0.00381618,0.004092165,0.003350945,0.0037012,0.00361047,0.00361094,0.00358388,0.002255445,0.003313055,0.003800705,0.00374836,0.003539383,0.003784302,0.003565293,0.003472077,0.003435606,0.004576067
540,0.005548628,0.002071073,0.003306317,0.003191315,0.006448619,0.003264746,0.003255854,0.006547296,0.004396335,0.006254085,0.00387705,0.004039665,0.003602295,0.002626495,0.002221345,0.00238548,0.002803295,0.00301577,0.00310212,0.00380658,0.004088465,0.003341045,0.0036768,0.00358907,0.00360754,0.00358138,0.002257145,0.003317655,0.003905263,0.003878339,0.003678126,0.003963599,0.003767347,0.003688136,0.003649981,0.004804128
545,0.005512612,0.001881099,0.003137792,0.002949774,0.006413835,0.003274774,0.003139101,0.006381483,0.00429326,0.006048585,0.00369805,0.003833065,0.003333195,0.002506795,0.002126145,0.00227858,0.002738395,0.00294987,0.00303632,0.00373878,0.004018465,0.003277445,0.0035879,0.00350557,0.00353884,0.00351338,0.002219145,0.003259655,0.003988212,0.003985838,0.003796632,0.004115163,0.003948564,0.003887858,0.003849495,0.004997093
550,0.005446547,0.001664714,0.002942023,0.002703656,0.00626894,0.003269038,0.003110251,0.006185528,0.004136011,0.005754385,0.00351695,0.003600665,0.003158995,0.002353195,0.001994045,0.00214138,0.002630095,0.00283617,0.00292342,0.00360408,0.003877965,0.003160845,0.0034354,0.00335707,0.00340344,0.00337588,0.002138045,0.003137855,0.004036719,0.004073907,0.00388698,0.004246667,0.004100108,0.004067644,0.004023553,0.005166321
555,0.00548066,0.001531508,0.002848594,0.002552739,0.006233033,0.003345996,0.003171872,0.006172922,0.004089514,0.005580285,0.00333075,0.003465565,0.003113395,0.002261695,0.001906045,0.00205268,0.002571695,0.00278027,0.00286762,0.00353108,0.003811065,0.003103045,0.0033495,0.00327277,0.00333204,0.00330648,0.002097545,0.003080755,0.004087104,0.004141825,0.003969067,0.004348439,0.004226763,0.004210648,0.004172622,0.005305255
560,0.005556753,0.001431094,0.002796562,0.002459105,0.006230618,0.003457213,0.003251482,0.006193506,0.004117136,0.005514585,0.00326265,0.003423465,0.003023795,0.002224595,0.001863145,0.00200748,0.002561495,0.00278427,0.00287042,0.00354188,0.003818265,0.003106145,0.0033306,0.00325547,0.00332674,0.00330278,0.002098645,0.003086055,0.004143749,0.004210374,0.004052253,0.004456784,0.004333909,0.004339101,0.004293757,0.005459649
565,0.005527705,0.001316082,0.002679816,0.002312294,0.006102437,0.003491766,0.003260536,0.00610017,0.004019026,0.005357485,0.00314295,0.003284465,0.002818495,0.002146495,0.001799045,0.00193588,0.002508695,0.00273587,0.00282042,0.00348178,0.003756265,0.003051245,0.0032545,0.00318337,0.00326074,0.00323808,0.002062045,0.003031655,0.004149925,0.004224865,0.004067008,0.004480702,0.004358829,0.004384071,0.00433302,0.005513598
570,0.005363415,0.00119443,0.002511745,0.002128848,0.005793102,0.00342806,0.003285962,0.00592158,0.003778306,0.005034885,0.00289405,0.003016165,0.002624695,0.002026695,0.001710745,0.00182818,0.002389995,0.00260367,0.00268232,0.00330328,0.003570365,0.002901145,0.0030705,0.00300577,0.00308544,0.00306378,0.001955845,0.002874755,0.004066419,0.004131965,0.003985049,0.004398327,0.0042764,0.004302245,0.004266842,0.005440882
575,0.005012664,0.001000366,0.00224794,0.001858112,0.005220631,0.003214149,0.00313776,0.005453303,0.003330577,0.004514685,0.00256635,0.002617865,0.002315295,0.001852795,0.001565945,0.00166858,0.002183595,0.00235987,0.00243072,0.00297818,0.003225165,0.002632445,0.0027461,0.00269197,0.00277124,0.00274958,0.001761645,0.002585755,0.003849099,0.00391673,0.003763833,0.004148393,0.004031984,0.004060999,0.004050901,0.005184871
580,0.004433527,0.00079916,0.001915512,0.001567766,0.004429943,0.002824009,0.002842328,0.004715244,0.002711523,0.003782685,0.00218395,0.002235865,0.001945395,0.001622495,0.001365045,0.00145288,0.001878995,0.00199857,0.00205972,0.00248748,0.002703265,0.002228545,0.0022755,0.00223477,0.00230064,0.00228368,0.001471745,0.002151855,0.003506419,0.003573246,0.003416402,0.003753849,0.003663104,0.003680375,0.003715514,0.00473904
585,0.003713575,0.000615733,0.001578749,0.001290047,0.003608123,0.002331048,0.002425709,0.003973076,0.002056903,0.002962885,0.00177305,0.001860165,0.001560295,0.001388295,0.001151745,0.00122648,0.001532695,0.00159507,0.00164452,0.00192178,0.002098565,0.001763145,0.0017497,0.00172287,0.00176934,0.00175848,0.001145245,0.001661355,0.003094744,0.003150177,0.002980624,0.003277586,0.003213117,0.003220318,0.003297523,0.004146832
590,0.003044254,0.000474001,0.001290873,0.001056974,0.00290277,0.001870729,0.00210334,0.003362352,0.00150287,0.002263285,0.00129875,0.001299665,0.001125695,0.001174095,0.000969345,0.00103718,0.001232795,0.00125377,0.00129752,0.00144998,0.001588265,0.001363945,0.0013221,0.00130197,0.00133324,0.00132758,0.000874345,0.001254755,0.002600138,0.002659541,0.002498691,0.002744153,0.002711652,0.002696933,0.002817944,0.003441079
595,0.002410961,0.000329782,0.00103791,0.00085799,0.002267343,0.001457576,0.001660726,0.00269699,0.001056243,0.001723985,0.00100255,0.001016365,0.000850795,0.000971095,0.000811045,0.00085428,0.000982695,0.00098417,0.00102102,0.00108678,0.001197665,0.001043645,0.0009855,0.00097457,0.00099134,0.00099208,0.000660945,0.000936055,0.002114983,0.002199209,0.002045928,0.002258665,0.002252764,0.002208139,0.002376719,0.002786641
600,0.001829566,0.000204183,0.000820415,0.000694782,0.001687255,0.00109789,0.001282685,0.002009851,0.000667014,0.001315385,0.00088765,0.000965165,0.000711595,0.000770195,0.000633045,0.00067858,0.000759595,0.00075267,0.00078352,0.00080218,0.000891365,0.000784945,0.0007244,0.00072137,0.00072544,0.00073288,0.000491845,0.000684855,0.001726489,0.001822088,0.001700943,0.00188303,0.001891513,0.001857762,0.002031492,0.002283634
605,0.001584028,0.000143406,0.000721654,0.000616031,0.001444354,0.000950929,0.00112239,0.001706623,0.000516844,0.001114285,0.00084305,0.000907665,0.000653195,0.000682395,0.000538445,0.00058568,0.000644295,0.00063697,0.00066682,0.00066788,0.000743465,0.000660645,0.0006013,0.00060237,0.00060334,0.00061078,0.000412545,0.000569355,0.001495565,0.00159655,0.001483909,0.001664031,0.001675399,0.001651565,0.001813183,0.001990694
610,0.00152708,0.000141257,0.000694201,0.000594231,0.001398231,0.000924739,0.00115257,0.001815444,0.000504846,0.001047085,0.00067685,0.000758765,0.000477995,0.000626895,0.000489345,0.00054778,0.000595895,0.00058717,0.00062092,0.00060638,0.000682665,0.000613345,0.0005603,0.00056257,0.00056244,0.00056838,0.000383845,0.000529255,0.001399076,0.001499857,0.001392098,0.001558897,0.001570675,0.001547335,0.001710454,0.001866547
615,0.001490191,0.000137772,0.000670581,0.000575204,0.001361676,0.000903585,0.001156954,0.001770708,0.000491176,0.001008185,0.00063265,0.000748165,0.000403495,0.000609495,0.000474645,0.00052628,0.000577995,0.00057077,0.00059972,0.00059788,0.000661165,0.000590045,0.00054,0.00054187,0.00054564,0.00054978,0.000373845,0.000511055,0.001345929,0.001447837,0.001344979,0.001502373,0.00151275,0.001475254,0.001639083,0.001793819
620,0.00145157,0.000128669,0.000650067,0.000556506,0.001329952,0.00088528,0.001136174,0.001733572,0.000486307,0.000966785,0.00058455,0.000721465,0.000420595,0.000568895,0.000453645,0.00050298,0.000552395,0.00054387,0.00057052,0.00055578,0.000629265,0.000564545,0.0005154,0.00051937,0.00052124,0.00052628,0.000360645,0.000489955,0.001319962,0.001404426,0.001313518,0.001465347,0.001471222,0.001431494,0.001597406,0.001745581
625,0.00140178,0.000117551,0.000620959,0.000522776,0.001284095,0.000858228,0.001116415,0.001661021,0.000471706,0.000924085,0.00060265,0.000652065,0.000457695,0.000549095,0.000447345,0.00048698,0.000537195,0.00052867,0.00055182,0.00054288,0.000609865,0.000544445,0.0004976,0.00049987,0.00050424,0.00050868,0.000349145,0.000471555,0.001279943,0.001380924,0.001276768,0.001432657,0.001433901,0.001392908,0.001550991,0.001701048
630,0.001358467,0.000102607,0.000595881,0.00049158,0.001240214,0.00083682,0.001093273,0.001596481,0.000457528,0.000871885,0.00052565,0.000510165,0.000359795,0.000534395,0.000443345,0.00046278,0.000515095,0.00050657,0.00052942,0.00052558,0.000581265,0.000523345,0.0004788,0.00047707,0.00048564,0.00048788,0.000336545,0.000452455,0.001241778,0.001338373,0.001250432,0.001393631,0.001391448,0.001352801,0.001508605,0.001654719
635,0.001330191,9.87E-05,0.000585155,0.000483423,0.001204901,0.000825236,0.001080675,0.001554394,0.000466044,0.000854985,0.00050875,0.000478165,0.000307295,0.000521995,0.000415745,0.00044568,0.000489895,0.00048197,0.00050702,0.00050428,0.000553565,0.000502745,0.0004594,0.00045557,0.00046824,0.00046748,0.000322745,0.000435755,0.001221875,0.001316748,0.001210844,0.001371342,0.001371422,0.001317902,0.001480193,0.001624406
640,0.001282192,6.68E-05,0.000552979,0.000444582,0.001147756,0.000796833,0.001059932,0.001447655,0.000450831,0.000839185,0.00047675,0.000503665,0.000269395,0.000483195,0.000396545,0.00043788,0.000472395,0.00046237,0.00048792,0.00047238,0.000535165,0.000482845,0.0004395,0.00044027,0.00045084,0.00045008,0.000311745,0.000419555,0.001196277,0.001295516,0.001209622,0.001354001,0.001355693,0.001303406,0.001477367,0.001611997
645,0.001217452,3.53E-05,0.000522598,0.000388774,0.001087826,0.000762375,0.001011591,0.001399031,0.000420918,0.000788085,0.00031355,0.000417265,0.000210495,0.000474895,0.000389245,0.00042338,0.000458895,0.00045007,0.00046942,0.00046178,0.000518565,0.000464945,0.0004239,0.00042607,0.00043594,0.00043688,0.000306645,0.000407355,0.001171431,0.00128042,0.001183497,0.001343096,0.001352936,0.001316405,0.001481768,0.001600447
650,0.001172641,3.93E-05,0.000505296,0.000383223,0.001051673,0.000745809,0.000992678,0.001338162,0.000409172,0.000746285,0.00023135,0.000268065,0.000149795,0.000473695,0.000390745,0.00040788,0.000444195,0.00043727,0.00045362,0.00044348,0.000496865,0.000448145,0.0004101,0.00040967,0.00042374,0.00042498,0.000299545,0.000398155,0.001138427,0.001249729,0.00115147,0.001314059,0.001335546,0.001294732,0.001452582,0.001575877
655,0.001067668,1.66E-05,0.000451859,0.000335145,0.000945075,0.000681664,0.000918889,0.00124463,0.000341961,0.000698385,0.00030135,0.000211565,0.000159995,0.000433395,0.000364745,0.00038178,0.000409195,0.00040597,0.00042062,0.00041268,0.000462165,0.000418245,0.0003845,0.00038447,0.00039814,0.00039908,0.000281645,0.000372255,0.001071096,0.001199953,0.001118593,0.001267518,0.001290067,0.001238765,0.001414455,0.001508978
660,0.00099176,3.25E-05,0.000421238,0.000356872,0.000890096,0.000661045,0.00091119,0.001150872,0.000341795,0.000651185,0.00029845,0.000275465,0.000169695,0.000403795,0.000347445,0.00036308,0.000387495,0.00038337,0.00039632,0.00039108,0.000439565,0.000396145,0.0003603,0.00036257,0.00037494,0.00037598,0.000268145,0.000352155,0.001043655,0.001181189,0.001080539,0.001240922,0.001275552,0.001189759,0.001383845,0.001466193
665,0.000930226,-2.08E-05,0.000350029,0.000302238,0.000832448,0.000640151,0.000865342,0.001095957,0.000311345,0.000640285,0.00023965,0.000326465,0.000134395,0.000405095,0.000355945,0.00036968,0.000390995,0.00038217,0.00039612,0.00039158,0.000443965,0.000402745,0.0003594,0.00036287,0.00038014,0.00037808,0.000272145,0.000361955,0.001083331,0.001260234,0.001159836,0.001355576,0.001405964,0.001296465,0.001534318,0.001582734
670,0.00100386,2.00E-05,0.00036507,0.000354735,0.00093098,0.000737994,0.00093954,0.00123093,0.000386621,0.000650285,0.00028565,0.000303365,0.000104395,0.000441595,0.000364445,0.00039978,0.000415695,0.00040597,0.00041722,0.00042648,0.000476265,0.000432545,0.0003793,0.00038317,0.00040894,0.00040318,0.000294845,0.000392755,0.001243629,0.001524351,0.001400364,0.001643521,0.001782684,0.00162635,0.001945219,0.001949396
675,0.001048669,7.67E-06,0.00034869,0.000345953,0.000989055,0.000829607,0.001029748,0.001294722,0.000430658,0.000666885,0.00027365,0.000255965,8.76E-05,0.000469995,0.000404245,0.00044218,0.000455095,0.00044497,0.00045512,0.00045918,0.000521365,0.000485345,0.0004082,0.00041157,0.00044994,0.00044238,0.000326445,0.000439655,0.001522978,0.001927844,0.00174359,0.002121688,0.002366951,0.002165583,0.002607549,0.002539729
680,0.001090603,2.42E-05,0.00036055,0.000359711,0.001024716,0.000916524,0.001115205,0.001347789,0.00047609,0.000711385,0.00019435,0.000243165,0.000149195,0.000489995,0.000434545,0.00046938,0.000457595,0.00047287,0.00048632,0.00045328,0.000550665,0.000508245,0.0004293,0.00043007,0.00047574,0.00046858,0.000345045,0.000462855,0.001748404,0.002313015,0.002080499,0.002562891,0.00292258,0.002737218,0.003243502,0.003123166
685,0.001043829,-6.45E-09,0.000351811,0.000303231,0.000968804,0.000898641,0.00106924,0.001356659,0.000444334,0.000706385,0.00043625,0.000195865,0.000141195,0.000550695,0.000396645,0.00045618,0.000446395,0.00046547,0.00047002,0.00047688,0.000560565,0.000487645,0.0004232,0.00042927,0.00046794,0.00045618,0.000340845,0.000461055,0.001825148,0.002427932,0.002181139,0.002745329,0.00315397,0.00303828,0.003536463,0.003358678
690,0.000916009,-2.32E-05,0.000326705,0.00022806,0.000830541,0.000763374,0.000971364,0.001089774,0.000372938,0.000600985,0.00021865,4.65E-05,-0.000088505,0.000464795,0.000382845,0.00039358,0.000406595,0.00039757,0.00040022,0.00042998,0.000476165,0.000425445,0.0003696,0.00036827,0.00040844,0.00040188,0.000295345,0.000402555,0.001653013,0.002196401,0.001984266,0.002498711,0.00286872,0.002861431,0.003260166,0.00308466
695,0.00080848,-4.22E-06,0.000338188,0.000212605,0.000722076,0.000636215,0.000855494,0.000911275,0.000321707,0.000501785,-1.78E-05,-0.000083235,-0.000141305,0.000341495,0.000352445,0.00033698,0.000341795,0.00033907,0.00034622,0.00034838,0.000386665,0.000356045,0.0003136,0.00030817,0.00034254,0.00034308,0.000255245,0.000331355,0.00134004,0.001751187,0.001593538,0.002018499,0.002295879,0.002314753,0.002614512,0.002485083
700,0.000685066,-2.87E-05,0.000320928,0.000151299,0.000599375,0.000520435,0.000719514,0.000804792,0.000242181,0.000430185,-0.00003045,-0.000114435,-0.000044405,0.000289195,0.000280245,0.00027628,0.000282595,0.00028307,0.00028622,0.00027648,0.000319865,0.000291545,0.0002662,0.00026477,0.00028994,0.00028858,0.000218145,0.000276255,0.001064755,0.001371072,0.001243807,0.001614955,0.001799826,0.001834128,0.002072163,0.001969914
705,0.000606825,-4.38E-06,0.000323208,0.000167757,0.000522777,0.000458004,0.000664065,0.000701694,0.000217532,0.000383985,3.45E-06,-6.88E-05,-0.000016205,0.000264195,0.000259745,0.00024378,0.000255895,0.00025387,0.00025792,0.00024298,0.000282565,0.000257445,0.0002341,0.00023547,0.00025774,0.00025638,0.000198045,0.000251155,0.000846464,0.001128945,0.001039831,0.001329631,0.001469816,0.00150181,0.001684372,0.001618843
710,0.000492494,-2.38E-05,0.000282712,0.00013135,0.000410465,0.000367846,0.000577202,0.000564488,0.000160022,0.000329285,3.72E-05,-7.76E-05,-0.000047005,0.000222895,0.000213945,0.00020718,0.000218895,0.00021687,0.00022232,0.00021018,0.000244365,0.000221945,0.000203,0.00020537,0.00022464,0.00022428,0.000177545,0.000218455,0.000739468,0.000941122,0.000875251,0.001171957,0.001274332,0.00129428,0.001445536,0.001419302
715,0.000380163,-6.10E-05,0.00024716,5.26E-05,0.00032305,0.000297828,0.000450332,0.000600424,8.86E-05,0.000258685,-0.00023275,-0.000480735,-0.000237205,0.000212495,0.000202545,0.00017818,0.000179195,0.00017687,0.00018502,0.00018098,0.000191265,0.000186945,0.0001767,0.00016897,0.00020574,0.00019878,0.000159745,0.000191155,0.000655716,0.000862069,0.000818819,0.001137699,0.001234341,0.001257731,0.001412348,0.001374111
720,0.000320267,4.15E-06,0.00019526,5.53E-05,0.000263554,0.000252274,0.000491458,0.000251628,7.69E-05,0.000183685,-0.00062885,-0.000907735,-0.000620105,0.000162995,0.000202745,0.00014328,0.000137995,0.00013677,0.00015092,0.00013108,0.000133365,0.000154645,0.0001496,0.00013517,0.00018124,0.00017008,0.000138545,0.000160355,0.000583633,0.000837719,0.000771862,0.001149272,0.001238405,0.001290938,0.001209145,0.001400508
725,0.000308514,5.03E-05,0.000204115,9.28E-05,0.000278274,0.000230351,0.000424355,0.00039739,7.70E-05,0.000138885,-0.00062515,-0.001027135,-0.000709405,0.000127695,0.000198645,0.00011558,0.000109495,0.00010837,0.00012702,0.00009798,0.000105565,0.000128845,0.0001311,0.00011937,0.00015904,0.00014618,0.000123845,0.000140155,-999,0.000751092,0.000684663,0.001126271,0.001231536,0.00128698,0.001240766,0.001374416
730,0.000229477,4.59E-05,0.000147832,8.01E-05,0.000187978,0.0001576,0.000373867,0.000223755,4.55E-05,0.000116785,-0.00058625,-0.001032235,-0.000605605,0.000098295,0.000159645,0.00011158,0.000100295,0.00009427,0.00011562,0.00008468,0.000099765,0.000106345,0.0001171,0.00010527,0.00013974,0.00012728,0.000111345,0.000123655,-999,-999,-999,-999,-999,-999,-999,-999
735,0.000183134,4.13E-05,0.000139227,9.85E-05,0.000144943,0.000134632,0.000324545,0.000208576,5.43E-05,0.000114385,-0.00039715,-0.000584635,-0.000373305,0.000088695,0.000123645,0.00011258,0.000101195,0.00009207,0.00010662,0.00008978,0.000108165,0.000100845,0.0001093,0.00010547,0.00012694,0.00011598,0.000108445,0.000112155,-999,-999,-999,-999,-999,-999,-999,-999
740,0.000178446,6.93E-05,0.000134095,0.00012371,0.000141538,0.000122453,0.000323905,0.000183626,8.18E-05,0.000127185,-0.00013515,-0.000237435,-0.000253605,0.000102195,0.000115045,0.00010718,0.000112495,0.00010647,0.00011352,0.00009858,0.000117465,0.000112645,0.0001104,0.00011317,0.00012294,0.00011698,0.000110845,0.000115855,-999,-999,-999,-999,-999,-999,-999,-999
745,0.000173438,8.94E-05,0.000127954,0.000144058,0.000144806,0.000123475,0.000309997,0.000193966,0.000105827,0.000137985,0.00017825,1.77E-05,4.40E-06,0.000124695,0.000112245,0.00011328,0.000122695,0.00011977,0.00012232,0.00011678,0.000128465,0.000117245,0.0001134,0.00011747,0.00012164,0.00011988,0.000112845,0.000120155,-999,-999,-999,-999,-999,-999,-999,-999
750,0.000200791,0.00013636,0.000140929,0.000186649,0.000175089,0.000138722,0.00030999,0.000245865,0.000144658,0.000135285,0.00014925,0.000166465,0.000155895,0.000121595,0.000112645,0.00011948,0.000121095,0.00011967,0.00011852,0.00011588,0.000124365,0.000116645,0.0001141,0.00011757,0.00011584,0.00011798,0.000111245,0.000117655,-999,-999,-999,-999,-999,-999,-999,-999
755,0.00017633,0.000126979,0.000142384,0.000156172,0.000162776,0.000169602,0.000305109,0.000209757,0.000184194,0.000119585,0.00008285,0.000115165,-0.000012805,0.000123195,0.000104745,0.00010408,0.000104695,0.00010867,0.00010612,0.00011258,0.000109465,0.000120345,0.000113,0.00010747,0.00011424,0.00011568,0.000109245,0.000114055,-999,-999,-999,-999,-999,-999,-999,-999
760,0.00021515,0.000156168,7.95E-05,0.000152366,0.000208174,9.07E-05,0.000160141,0.000743689,9.20E-05,0.000075685,-3.83E-05,-0.000623035,-0.000487805,0.000241895,0.000154745,0.00007878,0.000078795,0.00009387,0.00009682,0.00014918,0.000064665,0.000129845,0.0001218,0.00007377,0.00012004,0.00011078,0.000104345,0.000103855,-999,-999,-999,-999,-999,-999,-999,-999
765,0.000277739,0.000324781,0.000108777,0.000322736,0.000250808,0.000162582,0.000396417,0.000131204,0.000260366,0.000117985,-0.00006555,-0.000596335,-0.000357505,0.000200295,0.000172145,0.00011028,0.000102795,0.00011357,0.00012542,0.00014498,0.000096465,0.000139145,0.0001324,0.00009477,0.00011824,0.00011178,0.000104745,0.000103555,-999,-999,-999,-999,-999,-999,-999,-999
770,0.0002532,0.000259885,0.000142157,0.000279072,0.000234659,0.000167798,0.000325642,0.000309083,0.000270171,0.000145785,0.00010845,0.000070765,1.13E-05,0.000124895,0.000125645,0.00011808,0.000121595,0.00012697,0.00012562,0.00012268,0.000130865,0.000127845,0.0001271,0.00011547,0.00011354,0.00011018,0.000106945,0.000106655,-999,-999,-999,-999,-999,-999,-999,-999
775,0.000258991,0.000275753,0.000133125,0.000286297,0.000240291,0.000164073,0.000311895,0.000332996,0.000284989,0.000152685,0.00025355,0.000201865,-4.41E-06,0.000124795,0.000140145,0.00011668,0.000136595,0.00014037,0.00013302,0.00013318,0.000140965,0.000137645,0.000134,0.00012487,0.00011864,0.00011658,0.000112045,0.000119955,-999,-999,-999,-999,-999,-999,-999,-999
780,0.000259733,0.000280263,0.000119669,0.000280263,0.000234934,0.000161287,0.000300847,0.000334384,0.000299852,0.000149085,0.00026885,0.000110565,-5.05E-07,0.000148995,0.000143445,0.00011618,0.000130895,0.00013487,0.00013032,0.00012948,0.000137165,0.000137845,0.0001361,0.00012667,0.00011444,0.00011608,0.000110245,0.000118755,-999,-999,-999,-999,-999,-999,-999,-999
785,0.000263492,0.000278211,0.000103099,0.000279204,0.000239913,0.00016246,0.000293264,0.000358144,0.000317901,0.000136385,0.00002315,-9.70E-05,-0.000035605,0.000148095,0.000151945,0.00011068,0.000120695,0.00012727,0.00012342,0.00012608,0.000117065,0.000135145,0.0001332,0.00012227,0.00011704,0.00011118,0.000108145,0.000115455,-999,-999,-999,-999,-999,-999,-999,-999
790,0.000303647,0.000324078,0.00011092,0.000322528,0.000284176,0.000181317,0.000312681,0.000403643,0.000354166,0.000132185,-0.00005985,-0.000210235,-0.000150105,0.000123495,0.000150645,0.00010748,0.000117695,0.00012507,0.00012392,0.00012968,0.000111765,0.000139045,0.0001352,0.00011997,0.00011994,0.00010788,0.000106945,0.000115355,-999,-999,-999,-999,-999,-999,-999,-999
795,0.000313021,0.000330242,9.25E-05,0.000323199,0.000282856,0.000188369,0.000320755,0.00039382,0.000372343,0.000132485,0.00005595,-0.000152835,-0.000175405,0.000134795,0.000167945,0.00011028,0.000115795,0.00012237,0.00012792,0.00014138,0.000114265,0.000144045,0.0001418,0.00012097,0.00012284,0.00010998,0.000106845,0.000112355,-999,-999,-999,-999,-999,-999,-999,-999
800,0.000303363,0.000316479,7.01E-05,0.000304271,0.000264383,0.000171798,0.000301276,0.000413987,0.000371683,0.000128885,-0.00010205,-0.000276235,-0.000174605,0.000137495,0.000171545,0.00009588,0.000112995,0.00012327,0.00012722,0.00014568,0.000110065,0.000145245,0.0001432,0.00011767,0.00012604,0.00011068,0.000107545,0.000109055,-999,-999,-999,-999,-999,-999,-999,-999
805,0.000331835,0.000345965,8.28E-05,0.000350332,0.000289907,0.000204791,0.000339622,0.000405035,0.000416871,0.000128085,-0.00022215,-0.000329535,-0.000203605,0.000148695,0.000159745,0.00010288,0.000110495,0.00012297,0.00012772,0.00014548,0.000099765,0.000144645,0.000143,0.00011487,0.00012474,0.00011128,0.000106545,0.000103155,-999,-999,-999,-999,-999,-999,-999,-999
810,0.000326602,0.000329189,9.16E-05,0.000307998,0.000294494,0.000225713,0.000315712,0.000483824,0.000431332,0.000090185,-0.00017225,-0.000553735,-0.000370405,0.000148395,0.000161145,0.00008178,0.000086095,0.00010087,0.00011212,0.00014158,0.000073465,0.000136245,0.0001367,0.00009687,0.00012254,0.00010288,0.000099845,0.000091155,-999,-999,-999,-999,-999,-999,-999,-999
815,0.000394088,0.000424759,7.44E-05,0.000380165,0.000368522,0.000222401,0.000308394,0.000682593,0.000458372,0.000049585,-0.00045945,-0.000999635,-0.000852205,0.000184095,0.000180845,0.00004098,0.000052495,0.00007727,0.00009812,0.00015258,0.000035965,0.000139045,0.0001342,0.00007127,0.00012314,0.00008828,0.000089245,0.000076755,-999,-999,-999,-999,-999,-999,-999,-999
820,0.000347837,0.000405186,3.86E-05,0.000361668,0.000300398,0.000198771,0.000344961,0.000441378,0.000457908,0.000056585,-0.00074845,-0.000977335,-0.000818605,0.000139295,0.000162345,0.00002518,0.000029595,0.00006267,0.00009222,0.00015588,0.000015665,0.000130045,0.0001314,0.00006377,0.00012094,0.00007868,0.000079645,0.000060055,-999,-999,-999,-999,-999,-999,-999,-999
825,0.000321768,0.000394528,1.67E-05,0.000357207,0.000267259,0.000173154,0.000330531,0.000363111,0.000452256,0.000061785,-0.00045655,-0.000830535,-0.000315405,0.000159795,0.000224345,0.00005438,0.000048895,0.00007677,0.00011082,0.00017468,0.000031865,0.000137945,0.0001407,0.00008147,0.00013224,0.00009048,0.000088945,0.000080855,-999,-999,-999,-999,-999,-999,-999,-999
830,0.000357889,0.000437502,3.28E-05,0.000422649,0.000302138,0.000172145,0.000314706,0.000488986,0.000456137,0.000057385,-0.00033655,-0.000855235,-0.000288705,0.000141095,0.000220845,0.00005098,0.000040395,0.00006357,0.00010272,0.00015398,0.000031865,0.000139945,0.0001396,0.00007687,0.00012944,0.00008118,0.000090045,0.000076955,-999,-999,-999,-999,-999,-999,-999,-999
835,0.000371378,0.00047205,5.76E-05,0.000477529,0.000306221,0.000188928,0.000345315,0.00044811,0.000488877,0.000056685,-0.00040925,-0.000727935,-0.000646505,0.000084495,0.000169245,0.00003468,0.000029395,0.00005547,0.00009082,0.00014518,0.000030065,0.000128245,0.0001398,0.00007327,0.00011404,0.00006858,0.000081045,0.000052055,-999,-999,-999,-999,-999,-999,-999,-999
840,0.000356146,0.000455384,5.77E-05,0.000473892,0.000290717,0.000176526,0.000326976,0.000447737,0.000498908,0.000068785,-0.00027565,-0.000547135,-0.000647805,0.000063395,0.000154945,0.00005038,0.000037395,0.00006387,0.00009712,0.00014718,0.000045565,0.000128045,0.0001405,0.00008827,0.00011734,0.00007448,0.000080245,0.000057655,-999,-999,-999,-999,-999,-999,-999,-999
845,0.000362377,0.000473672,6.89E-05,0.000493315,0.000292887,0.00019064,0.000334201,0.000468814,0.000515931,0.000067885,-0.00024375,-0.000538935,-0.000410705,0.000064495,0.000153145,0.00006678,0.000043395,0.00006207,0.00010332,0.00014748,0.000041965,0.000125045,0.0001394,0.00010387,0.00012304,0.00007638,0.000080445,0.000060055,-999,-999,-999,-999,-999,-999,-999,-999
850,0.000387654,0.000501019,8.48E-05,0.000527538,0.000327967,0.000206195,0.000344166,0.000551682,0.000543703,0.000043185,-0.00022665,-0.000420635,-0.000300805,0.000066895,0.000154145,0.00006488,0.000038995,0.00005287,0.00009992,0.00013858,0.000040065,0.000127345,0.0001462,0.00010427,0.00011614,0.00007008,0.000080745,0.000060155,-999,-999,-999,-999,-999,-999,-999,-999
